<?xml version="1.0" encoding="UTF-8"?>
<project-private xmlns="http://www.netbeans.org/ns/project-private/1">
    <editor-bookmarks xmlns="http://www.netbeans.org/ns/editor-bookmarks/2" lastBookmarkId="0"/>
    <open-files xmlns="http://www.netbeans.org/ns/projectui-open-files/2">
        <group>
            <file>file:/C:/Users/ASUS/Desktop/Java%20project%20215/receit.txt</file>
            <file>file:/C:/Users/ASUS/Desktop/Java%20project%20215/input.txt</file>
            <file>file:/C:/Users/ASUS/Desktop/Java%20project%20215/src/product.java</file>
            <file>file:/C:/Users/ASUS/Desktop/Java%20project%20215/src/NewJFrame3.java</file>
            <file>file:/C:/Users/ASUS/Desktop/Java%20project%20215/src/productname.java</file>
            <file>file:/C:/Users/ASUS/Desktop/Java%20project%20215/sum.txt</file>
            <file>file:/C:/Users/ASUS/Desktop/Java%20project%20215/output.txt</file>
        </group>
    </open-files>
</project-private>
